name,kind,path,line,crate_count
Action,struct,crates/arcweft-interaction-model/src/action.rs,48,2
Action,struct,crates/arcweft-presentation/src/input.rs,100,2
ActionBatch,struct,crates/arcweft-interaction-model/src/action.rs,76,2
ActionBatch,struct,crates/arcweft-presentation/src/input.rs,117,2
ActionTarget,enum,crates/arcweft-interaction-model/src/action.rs,29,2
ActionTarget,enum,crates/arcweft-presentation/src/input.rs,109,2
BuiltReleaseTrustFixture,struct,crates/arcweft-cli/tests/support/release_trust_fixture.rs,42,2
BuiltReleaseTrustFixture,struct,crates/arcweft-project-loader/tests/support/release_trust_fixture.rs,54,2
Bytes,struct,crates/arcweft-data/src/value.rs,28,2
Bytes,struct,crates/arcweft-memory/src/lib.rs,9,2
CallableKind,enum,crates/arcweft-lang-sema/src/effect_model.rs,16,2
CallableKind,enum,crates/arcweft-lang-syntax/src/ast/items.rs,601,2
CallableSymbol,struct,crates/arcweft-lang-hir/src/symbol/identity.rs,41,2
CallableSymbol,struct,crates/arcweft-lang-sema/src/project_index.rs,168,2
CaptureRequest,struct,crates/arcweft-agent-protocol/src/protocol.rs,185,2
CaptureRequest,struct,crates/arcweft-render-wgpu/src/offscreen.rs,60,2
CaptureScope,enum,crates/arcweft-layout/src/lib.rs,279,2
CaptureScope,enum,crates/arcweft-render-wgpu/src/offscreen.rs,42,2
CaptureTarget,enum,crates/arcweft-agent-protocol/src/protocol.rs,168,2
CaptureTarget,enum,crates/arcweft-desktop-native/src/persistent_grants.rs,158,2
CompiledPureF32Inputs,struct,crates/arcweft-lang-jit-cranelift/src/lib.rs,373,2
CompiledPureF32Inputs,struct,crates/arcweft-runtime-accelerator/src/lib.rs,93,2
CompiledPureF64Inputs,struct,crates/arcweft-lang-jit-cranelift/src/lib.rs,382,2
CompiledPureF64Inputs,struct,crates/arcweft-runtime-accelerator/src/lib.rs,94,2
CompiledPureI128BatchInputs,struct,crates/arcweft-lang-jit-cranelift/src/lib.rs,274,2
CompiledPureI128BatchInputs,struct,crates/arcweft-runtime-accelerator/src/lib.rs,87,2
CompiledPureI16Inputs,struct,crates/arcweft-lang-jit-cranelift/src/lib.rs,293,2
CompiledPureI16Inputs,struct,crates/arcweft-runtime-accelerator/src/lib.rs,85,2
CompiledPureI32Inputs,struct,crates/arcweft-lang-jit-cranelift/src/lib.rs,306,2
CompiledPureI32Inputs,struct,crates/arcweft-runtime-accelerator/src/lib.rs,86,2
CompiledPureI64Inputs,struct,crates/arcweft-lang-jit-cranelift/src/lib.rs,74,2
CompiledPureI64Inputs,struct,crates/arcweft-runtime-accelerator/src/lib.rs,83,2
CompiledPureI8Inputs,struct,crates/arcweft-lang-jit-cranelift/src/lib.rs,283,2
CompiledPureI8Inputs,struct,crates/arcweft-runtime-accelerator/src/lib.rs,84,2
CompiledPureU128BatchInputs,struct,crates/arcweft-lang-jit-cranelift/src/lib.rs,364,2
CompiledPureU128BatchInputs,struct,crates/arcweft-runtime-accelerator/src/lib.rs,92,2
CompiledPureU16Inputs,struct,crates/arcweft-lang-jit-cranelift/src/lib.rs,339,2
CompiledPureU16Inputs,struct,crates/arcweft-runtime-accelerator/src/lib.rs,90,2
CompiledPureU32Inputs,struct,crates/arcweft-lang-jit-cranelift/src/lib.rs,319,2
CompiledPureU32Inputs,struct,crates/arcweft-runtime-accelerator/src/lib.rs,88,2
CompiledPureU64Inputs,struct,crates/arcweft-lang-jit-cranelift/src/lib.rs,351,2
CompiledPureU64Inputs,struct,crates/arcweft-runtime-accelerator/src/lib.rs,91,2
CompiledPureU8Inputs,struct,crates/arcweft-lang-jit-cranelift/src/lib.rs,329,2
CompiledPureU8Inputs,struct,crates/arcweft-runtime-accelerator/src/lib.rs,89,2
CraneliftPureFunctionBackend,struct,crates/arcweft-lang-jit-cranelift/src/lib.rs,50,2
CraneliftPureFunctionBackend,struct,crates/arcweft-runtime-accelerator/src/lib.rs,81,2
DialogueContent,struct,crates/arcweft-dialogue/src/lib.rs,48,2
DialogueContent,struct,crates/arcweft-lang-syntax/src/ast/dialogue.rs,16,2
DialogueTag,enum,crates/arcweft-dialogue/src/lib.rs,61,2
DialogueTag,struct,crates/arcweft-lang-syntax/src/ast/dialogue.rs,49,2
EffectCapability,struct,crates/arcweft-agent-protocol/src/artifact.rs,15,2
EffectCapability,struct,crates/arcweft-lang-sema/src/env/effects.rs,3,2
EnterKeyHint,enum,crates/arcweft-bundle/src/resource_codec/view/model.rs,1116,2
EnterKeyHint,enum,crates/arcweft-presentation/src/text_input.rs,347,2
EntityStore,struct,crates/arcweft-adt/src/lib.rs,307,2
EntityStore,struct,crates/arcweft-view/src/entity.rs,35,2
FragmentKind,enum,crates/arcweft-lang-syntax/src/parser/fragment.rs,18,2
FragmentKind,enum,crates/arcweft-view/src/fragment.rs,63,2
FxCatalog,struct,crates/arcweft-lang-sema/src/checker/fx.rs,30,2
FxCatalog,struct,crates/arcweft-runtime-plan/src/render_text/fx.rs,32,2
HostEvent,enum,crates/arcweft-interaction-model/src/audio.rs,843,2
HostEvent,struct,crates/arcweft-presentation/src/input.rs,124,2
HostEventBatch,struct,crates/arcweft-interaction-model/src/audio.rs,863,2
HostEventBatch,struct,crates/arcweft-presentation/src/input.rs,142,2
HoverHit,struct,crates/arcweft-cli/tests/check/agent_observe_native/core.rs,267,2
HoverHit,struct,crates/arcweft-cli/tests/check/agent_observe_native/core.rs,846,2
HoverHit,struct,crates/arcweft-cli/tests/check/agent_observe_native/core.rs,1046,2
HoverHit,struct,crates/arcweft-runtime-plan/src/render_text/tests.rs,644,2
HoverHit,struct,crates/arcweft-runtime-plan/src/render_text/tests.rs,746,2
IdentifierError,struct,crates/arcweft-agent-protocol/src/ids.rs,7,2
IdentifierError,struct,crates/arcweft-interaction-model/src/id.rs,58,2
InputEpoch,struct,crates/arcweft-interaction-model/src/input.rs,12,2
InputEpoch,struct,crates/arcweft-presentation/src/input.rs,15,2
InputEventKind,enum,crates/arcweft-dialogue/src/lib.rs,116,3
InputEventKind,enum,crates/arcweft-interaction-model/src/input.rs,108,3
InputEventKind,enum,crates/arcweft-presentation/src/input.rs,88,3
InteractionTarget,struct,crates/arcweft-interaction-model/src/input.rs,48,2
InteractionTarget,struct,crates/arcweft-presentation/src/input.rs,9,2
KeywordHit,struct,crates/arcweft-cli/tests/check/agent_observe_native/core.rs,262,2
KeywordHit,struct,crates/arcweft-cli/tests/check/agent_observe_native/core.rs,841,2
KeywordHit,struct,crates/arcweft-cli/tests/check/agent_observe_native/core.rs,1041,2
KeywordHit,struct,crates/arcweft-cli/tests/check/agent_observe_native/core.rs,1147,2
KeywordHit,struct,crates/arcweft-runtime-plan/src/render_text/tests.rs,571,2
KeywordHit,struct,crates/arcweft-runtime-plan/src/render_text/tests.rs,639,2
KeywordHit,struct,crates/arcweft-runtime-plan/src/render_text/tests.rs,741,2
LayerTree,type,crates/arcweft-adt/src/lib.rs,1060,2
LayerTree,struct,crates/arcweft-presentation/src/layer.rs,12,2
LayoutPoint,struct,crates/arcweft-layout/src/lib.rs,17,3
LayoutPoint,struct,crates/arcweft-text-layout/src/geometry.rs,7,3
LayoutPoint,struct,crates/arcweft-view/src/layout.rs,18,3
LayoutRect,struct,crates/arcweft-layout/src/lib.rs,24,2
LayoutRect,struct,crates/arcweft-text-layout/src/geometry.rs,39,2
LayoutSize,struct,crates/arcweft-layout/src/lib.rs,10,3
LayoutSize,struct,crates/arcweft-text-layout/src/geometry.rs,23,3
LayoutSize,struct,crates/arcweft-view/src/layout.rs,11,3
LineIndex,struct,crates/arcweft-lang-syntax/src/source.rs,40,2
LineIndex,struct,crates/arcweft-lsp/src/positions.rs,17,2
LinePlan,struct,crates/arcweft-dialogue/src/lib.rs,76,2
LinePlan,struct,crates/arcweft-lang-syntax/src/ast/line_plan.rs,10,2
MatmulShape,struct,crates/arcweft-browser-bench/src/model.rs,82,2
MatmulShape,struct,crates/arcweft-runtime-accelerator/src/math/wgpu_backend.rs,100,2
NativePlayerOptions,struct,crates/arcweft-cli/src/app/native_player.rs,8,2
NativePlayerOptions,struct,crates/arcweft-player-native/src/scene_windowed.rs,72,2
Payload,type,crates/arcweft-lang-sema/src/tests/declarations.rs,594,2
Payload,type,crates/arcweft-lsp/src/diagnostics.rs,735,2
PointerButton,enum,crates/arcweft-agent-protocol/src/protocol.rs,149,2
PointerButton,enum,crates/arcweft-interaction-model/src/input.rs,89,2
PointerPosition,struct,crates/arcweft-desktop-contract/src/pointer.rs,12,2
PointerPosition,struct,crates/arcweft-interaction-model/src/input.rs,100,2
PublicId,struct,crates/arcweft-agent-protocol/src/ids.rs,12,2
PublicId,struct,crates/arcweft-id/src/lib.rs,39,2
QuestHit,struct,crates/arcweft-cli/tests/check/agent_observe_native/core.rs,454,2
QuestHit,struct,crates/arcweft-runtime-plan/src/render_text/tests.rs,865,2
ReleaseTrustCase,enum,crates/arcweft-cli/tests/support/release_trust_fixture.rs,34,2
ReleaseTrustCase,enum,crates/arcweft-project-loader/tests/support/release_trust_fixture.rs,38,2
ResourceAccess,struct,crates/arcweft-core/src/effect.rs,288,2
ResourceAccess,struct,crates/arcweft-lang-sema/src/fact_layer.rs,33,2
SourceAnchor,struct,crates/arcweft-debug-model/src/chunk.rs,36,2
SourceAnchor,struct,crates/arcweft-source/src/lib.rs,46,2
SourceSpan,struct,crates/arcweft-source/src/document.rs,192,2
SourceSpan,struct,crates/arcweft-verify/src/lib.rs,54,2
StableHash,struct,crates/arcweft-adt/src/lib.rs,633,2
StableHash,struct,crates/arcweft-agent-protocol/src/ids.rs,17,2
StoryDialogue,struct,crates/arcweft-cli/src/app/bundle/tests.rs,1349,2
StoryDialogue,struct,crates/arcweft-lsp/src/session/tests.rs,1194,2
TextAssistPolicy,enum,crates/arcweft-bundle/src/resource_codec/view/model.rs,1065,2
TextAssistPolicy,enum,crates/arcweft-presentation/src/text_input.rs,292,2
TextCharacterBounds,struct,crates/arcweft-glyphon/src/prepared_text.rs,98,2
TextCharacterBounds,struct,crates/arcweft-presentation/src/text_input.rs,205,2
TextRange,struct,crates/arcweft-content-policy/src/types.rs,207,3
TextRange,struct,crates/arcweft-lang-syntax/src/ast/common.rs,12,3
TextRange,struct,crates/arcweft-presentation/src/text_input.rs,23,3
TextRange,struct,docs/implementation/vertical-longterm-design-20260612/crates/glyphon-layout-ext-api/src/glyph.rs,27,3
TraitMethodCallOutcome,struct,crates/arcweft-core/src/engine/eval/calls.rs,17,2
TraitMethodCallOutcome,enum,crates/arcweft-lang-sema/src/checker/expr/support.rs,66,2
ViewBlendMode,enum,crates/arcweft-render-wgpu/src/view_scene/compositing.rs,264,2
ViewBlendMode,enum,crates/arcweft-view/src/style/value.rs,581,2
ViewCall,struct,crates/arcweft-lang-syntax/src/ast/view.rs,62,2
ViewCall,struct,crates/arcweft-view/src/program.rs,247,2
ViewClip,enum,crates/arcweft-render-wgpu/src/view_scene/core.rs,49,2
ViewClip,enum,crates/arcweft-view/src/style/value.rs,555,2
ViewFilter,enum,crates/arcweft-render-wgpu/src/view_scene/compositing.rs,105,2
ViewFilter,enum,crates/arcweft-view/src/style/value.rs,546,2
ViewMask,struct,crates/arcweft-render-wgpu/src/view_scene/compositing.rs,130,2
ViewMask,enum,crates/arcweft-view/src/style/value.rs,568,2
Visibility,enum,crates/arcweft-lang-sema/src/effect_model.rs,31,2
Visibility,enum,crates/arcweft-lang-syntax/src/ast/common.rs,90,2
_compatibility_checks,type,crates/arcweft-cli/src/output.rs,472,2
_compatibility_checks,type,crates/arcweft-lang-sema/src/checker.rs,138,2
_id,trait,crates/arcweft-core/src/plan.rs,268,2
_id,trait,crates/arcweft-lang-sema/src/traits.rs,219,2
_json,type,crates/arcweft-debug-model/src/graph.rs,13,2
_json,type,crates/arcweft-debug-sqlite/src/store/raw.rs,66,2
_methods,trait,crates/arcweft-core/src/awbc/codec.rs,45,2
_methods,trait,crates/arcweft-core/src/awbc/schema.rs,141,2
_methods,trait,crates/arcweft-core/src/plan.rs,21,2
_methods,trait,crates/arcweft-runtime-plan/src/awbc_lower/inventory.rs,89,2
_name,type,crates/arcweft-agent-protocol/src/proxy.rs,18,7
_name,type,crates/arcweft-bundle/src/lib.rs,260,7
_name,trait,crates/arcweft-core/src/plan.rs,270,7
_name,trait,crates/arcweft-lang-sema/src/traits.rs,220,7
_name,trait,crates/arcweft-lang-syntax/src/ast/items.rs,689,7
_name,type,crates/arcweft-render-text/src/rich_effects.rs,234,7
_name,struct,crates/arcweft-render-text/src/rich_effects.rs,250,7
_name,type,crates/arcweft-runtime-plan/src/render_text/defaults.rs,47,7
check_report,type,crates/arcweft-cli/src/app/project.rs,671,2
check_report,type,crates/arcweft-cli/src/app/runtime/profile.rs,43,2
check_report,type,crates/arcweft-compiler/src/types.rs,13,2
check_report,type,crates/arcweft-compiler/src/types.rs,28,2
check_report,type,crates/arcweft-compiler/src/types.rs,37,2
s,enum,crates/arcweft-bundle/src/resource_codec/wire.rs,26,3
s,type,crates/arcweft-lang-sema/src/env/base.rs,81,3
s,type,crates/arcweft-rust-abi/src/lib.rs,20,3
