row_id	owner_record	producer_case	allocation_key	allocation_order	role_and_ordinal	child_kind	source_anchor	scope_and_visibility	recovery_and_poison	query_and_liveness	reuse	rollback	direct_tests
AR-E25	HirClosureExpr	required body missing	SyntheticKey(Expr(closure_root), MissingRequiredTail, 0)	reserve closure ExprId and closure ScopeId before body	MissingRequiredTail / 0	Expr	attached Body missing-component insertion after closure header	closure scope exists; params visible; no body child exists before allocation	typed closure remains; child and owner poisoned; one missing-body diagnostic	child Expr source query returns Present(Insertion); owner must be staged/live	same key+Expr returns same body child	no closure/body/source/diagnostic/count publication	T-TAIL-CLOSURE-01
AR-E27	HirBlockExpr	omitted tail	SyntheticKey(Expr(block_root), ImplicitUnitTail, 0)	reserve root ExprId and block ScopeId; lower statements; allocate tail	ImplicitUnitTail / 0	Expr	close-brace start or missing-close insertion	block scope sequential visibility unchanged	clean Unit child; block remains clean unless other issues	child Expr source query Present(Insertion); root staged/live	same pair reuses Unit child	no root/scope/tail/source/count publication	T-TAIL-BLOCK-01; T-TAIL-REUSE-01
AR-E28	HirComputationBlockExpr	allowed omission or required missing result	SyntheticKey(Expr(root), ImplicitUnitTail|MissingRequiredTail, 0)	reserve root/scope; lower statements; classify expected result; allocate one tail	selected role / 0	Expr	close-brace start or missing-close insertion	computation block scope unchanged	implicit Unit clean; required missing child and owner poisoned	child Expr source query Present(Insertion); root staged/live	same selected role pair reuses child; different role is a distinct semantic state and is not emitted concurrently	classification/allocation failure rolls back whole block	T-TAIL-COMPUTE-01; T-TAIL-COMPUTE-02
AR-E29	HirNamedBlockExpr	omitted tail	SyntheticKey(Expr(named_root), ImplicitUnitTail, 0)	reserve root/scope; lower name/statements; allocate tail	ImplicitUnitTail / 0	Expr	close-brace start or missing-close insertion	named block scope unchanged	clean Unit child	child Expr insertion; root staged/live	same pair reuses child	atomic owner/scope/tail rollback	T-TAIL-NAMED-01
AR-E30	HirIfExpr	else omitted	SyntheticKey(Expr(if_root), ImplicitUnitTail, 0)	reserve if root; lower condition/then; allocate else	ImplicitUnitTail / 0	Expr	end of then branch via attached ElseBranch insertion	branch scopes unchanged	clean Unit else under retained omission rule	child Expr insertion; if root staged/live	same pair reuses else child	no partial if/branch/source publication	T-TAIL-IF-01
AR-E31	HirIfLetExpr	required branch/body missing	SyntheticKey(Expr(iflet_root), MissingRequiredTail, 0)	reserve root/binding scope; lower pattern/scrutinee/guard; allocate missing branch	MissingRequiredTail / 0	Expr	attached required branch component insertion	bindings remain guard/then-only	typed IfLet and child poisoned; other missing operands retain RecoveryOperand	child Expr insertion; root staged/live	same pair reuses child	root/pattern/scope/child/source/diagnostic rollback	T-TAIL-IFLET-01
AR-E32	HirMatchExpr + HirMatchArm	one or more arm values missing	per arm: SyntheticKey(Scope(arm.scope), MissingRequiredTail, 0)	reserve match root; reserve each arm scope in authored order; lower arm pattern/guard; allocate missing value	MissingRequiredTail / 0 per arm	Expr	immediately after that arm fat arrow or recovered missing-value insertion	each arm scope is distinct; pattern locals guard/value only	missing arm value child and match owner poisoned; each arm record remains typed	child Expr insertion; that arm scope staged/live	same arm reuses pair; different arm scopes never collide	failure in any arm rolls back all staged arms/values/source/diagnostics in enclosing match transaction	T-TAIL-MATCH-01; T-TAIL-MATCH-02
AR-PB01	HirPredicateBody::Block	predicate tail omitted	SyntheticKey(Scope(body_scope), MissingRequiredTail, 0)	reserve body scope; lower predicate statements; allocate required Bool tail; construct Block	MissingRequiredTail / 0	Expr	close-brace start or missing-close insertion	predicate body scope and sequential locals unchanged	typed block and missing tail poisoned; no fabricated Bool/default	child Expr insertion; body scope staged/live	same pair reuses tail	body scope/statements/tail/source/diagnostic rollback	T-TAIL-PREDICATE-01; T-TAIL-SCOPE-LIVE-01
AR-PB02	HirProofBody::Block	Unit omission or non-Unit missing result	SyntheticKey(Scope(body_scope), ImplicitUnitTail|MissingRequiredTail, 0)	reserve body scope; lower proof statements/expected return; allocate one selected tail; construct Block	selected role / 0	Expr	close-brace start or missing-close insertion	proof body scope and locals unchanged	Unit implicit tail clean; non-Unit missing tail poisoned without default	child Expr insertion; body scope staged/live	same selected pair reuses tail	scope/statements/tail/source/diagnostic rollback	T-TAIL-PROOF-UNIT-01; T-TAIL-PROOF-NONUNIT-01
