package,manifest,workspace_fan_in,workspace_fan_out,development_workspace_fan_in,development_workspace_fan_out
arcweft,crates/arcweft/Cargo.toml,0,11,0,0
arcweft-adapter-context,crates/arcweft-adapter-context/Cargo.toml,8,1,1,0
arcweft-adapter-desktop,crates/arcweft-adapter-desktop/Cargo.toml,2,6,0,1
arcweft-adapter-metadata,crates/arcweft-adapter-metadata/Cargo.toml,1,1,1,0
arcweft-adapter-sema,crates/arcweft-adapter-sema/Cargo.toml,3,6,1,0
arcweft-adt,crates/arcweft-adt/Cargo.toml,1,0,0,0
arcweft-agent-mcp,crates/arcweft-agent-mcp/Cargo.toml,2,5,0,1
arcweft-agent-mcp-client,crates/arcweft-agent-mcp-client/Cargo.toml,1,3,0,0
arcweft-agent-policy,crates/arcweft-agent-policy/Cargo.toml,2,3,0,0
arcweft-agent-protocol,crates/arcweft-agent-protocol/Cargo.toml,11,3,0,6
arcweft-agent-repl,crates/arcweft-agent-repl/Cargo.toml,3,18,0,0
arcweft-agent-runner,crates/arcweft-agent-runner/Cargo.toml,4,4,1,3
arcweft-audio-codec,crates/arcweft-audio-codec/Cargo.toml,1,1,0,0
arcweft-audio-core,crates/arcweft-audio-core/Cargo.toml,5,1,0,0
arcweft-audio-device-cpal,crates/arcweft-audio-device-cpal/Cargo.toml,1,3,0,0
arcweft-audio-mixer,crates/arcweft-audio-mixer/Cargo.toml,1,2,0,0
arcweft-browser-bench,crates/arcweft-browser-bench/Cargo.toml,0,2,0,0
arcweft-bundle,crates/arcweft-bundle/Cargo.toml,10,16,0,3
arcweft-character,crates/arcweft-character/Cargo.toml,17,2,4,0
arcweft-character-psd,crates/arcweft-character-psd/Cargo.toml,1,1,0,0
arcweft-character-view,crates/arcweft-character-view/Cargo.toml,2,4,0,0
arcweft-cli,crates/arcweft-cli/Cargo.toml,0,53,0,3
arcweft-codec-arrow,crates/arcweft-codec-arrow/Cargo.toml,1,1,0,0
arcweft-codec-avro,crates/arcweft-codec-avro/Cargo.toml,0,1,0,0
arcweft-codec-binary,crates/arcweft-codec-binary/Cargo.toml,1,2,1,0
arcweft-codec-cbor,crates/arcweft-codec-cbor/Cargo.toml,1,1,1,0
arcweft-codec-csv,crates/arcweft-codec-csv/Cargo.toml,1,1,0,0
arcweft-codec-json,crates/arcweft-codec-json/Cargo.toml,3,1,1,0
arcweft-codec-msgpack,crates/arcweft-codec-msgpack/Cargo.toml,1,1,1,0
arcweft-codec-toml,crates/arcweft-codec-toml/Cargo.toml,1,1,0,0
arcweft-codec-yaml,crates/arcweft-codec-yaml/Cargo.toml,1,1,0,0
arcweft-compiler,crates/arcweft-compiler/Cargo.toml,3,22,1,4
arcweft-config,crates/arcweft-config/Cargo.toml,0,1,0,0
arcweft-content-policy,crates/arcweft-content-policy/Cargo.toml,3,0,0,0
arcweft-core,crates/arcweft-core/Cargo.toml,28,4,3,6
arcweft-data,crates/arcweft-data/Cargo.toml,17,1,1,0
arcweft-data-derive,crates/arcweft-data-derive/Cargo.toml,1,0,0,0
arcweft-debug-model,crates/arcweft-debug-model/Cargo.toml,5,1,1,0
arcweft-debug-sqlite,crates/arcweft-debug-sqlite/Cargo.toml,1,3,0,0
arcweft-desktop-contract,crates/arcweft-desktop-contract/Cargo.toml,4,0,0,0
arcweft-desktop-host,crates/arcweft-desktop-host/Cargo.toml,2,1,0,0
arcweft-desktop-native,crates/arcweft-desktop-native/Cargo.toml,2,3,1,1
arcweft-dialogue,crates/arcweft-dialogue/Cargo.toml,8,8,8,0
arcweft-glyphon,crates/arcweft-glyphon/Cargo.toml,3,4,0,0
arcweft-host-adapter,crates/arcweft-host-adapter/Cargo.toml,4,2,0,0
arcweft-http-codec,crates/arcweft-http-codec/Cargo.toml,0,1,0,0
arcweft-id,crates/arcweft-id/Cargo.toml,29,0,3,0
arcweft-image,crates/arcweft-image/Cargo.toml,7,0,0,0
arcweft-interaction-model,crates/arcweft-interaction-model/Cargo.toml,10,0,2,0
arcweft-lang-hir,crates/arcweft-lang-hir/Cargo.toml,10,3,1,0
arcweft-lang-jit-cranelift,crates/arcweft-lang-jit-cranelift/Cargo.toml,2,1,0,0
arcweft-lang-sema,crates/arcweft-lang-sema/Cargo.toml,7,12,3,0
arcweft-lang-syntax,crates/arcweft-lang-syntax/Cargo.toml,12,2,1,1
arcweft-launch,crates/arcweft-launch/Cargo.toml,4,5,0,0
arcweft-layout,crates/arcweft-layout/Cargo.toml,11,0,0,0
arcweft-lsp,crates/arcweft-lsp/Cargo.toml,0,23,1,3
arcweft-manifest-model,crates/arcweft-manifest-model/Cargo.toml,11,1,1,0
arcweft-memory,crates/arcweft-memory/Cargo.toml,1,0,0,0
arcweft-need,crates/arcweft-need/Cargo.toml,2,0,0,0
arcweft-player-native,crates/arcweft-player-native/Cargo.toml,1,22,0,5
arcweft-player-scene,crates/arcweft-player-scene/Cargo.toml,3,13,0,4
arcweft-player-text-input,crates/arcweft-player-text-input/Cargo.toml,2,1,0,2
arcweft-player-web,crates/arcweft-player-web/Cargo.toml,0,16,0,5
arcweft-presentation,crates/arcweft-presentation/Cargo.toml,20,3,1,0
arcweft-project,crates/arcweft-project/Cargo.toml,4,5,1,0
arcweft-project-loader,crates/arcweft-project-loader/Cargo.toml,2,15,0,4
arcweft-rag,crates/arcweft-rag/Cargo.toml,2,1,0,0
arcweft-ref,crates/arcweft-ref/Cargo.toml,2,1,0,0
arcweft-render-text,crates/arcweft-render-text/Cargo.toml,11,8,3,2
arcweft-render-web,crates/arcweft-render-web/Cargo.toml,1,1,0,0
arcweft-render-wgpu,crates/arcweft-render-wgpu/Cargo.toml,5,8,0,5
arcweft-resource-manifest,crates/arcweft-resource-manifest/Cargo.toml,2,7,1,0
arcweft-resource-model,crates/arcweft-resource-model/Cargo.toml,12,6,6,0
arcweft-rich-text-schema,crates/arcweft-rich-text-schema/Cargo.toml,3,0,0,0
arcweft-runtime-accelerator,crates/arcweft-runtime-accelerator/Cargo.toml,3,11,0,0
arcweft-runtime-codegen,crates/arcweft-runtime-codegen/Cargo.toml,1,1,0,0
arcweft-runtime-driver,crates/arcweft-runtime-driver/Cargo.toml,6,13,1,4
arcweft-runtime-host,crates/arcweft-runtime-host/Cargo.toml,4,12,0,6
arcweft-runtime-plan,crates/arcweft-runtime-plan/Cargo.toml,5,8,4,1
arcweft-runtime-scheduler,crates/arcweft-runtime-scheduler/Cargo.toml,2,1,0,0
arcweft-rust-abi,crates/arcweft-rust-abi/Cargo.toml,6,0,2,0
arcweft-rust-abi-build,crates/arcweft-rust-abi-build/Cargo.toml,0,1,0,0
arcweft-rust-abi-macros,crates/arcweft-rust-abi-macros/Cargo.toml,0,0,0,1
arcweft-save,crates/arcweft-save/Cargo.toml,2,1,0,1
arcweft-serde-bridge,crates/arcweft-serde-bridge/Cargo.toml,1,2,1,0
arcweft-source,crates/arcweft-source/Cargo.toml,25,1,9,0
arcweft-test,crates/arcweft-test/Cargo.toml,1,4,0,1
arcweft-text-layout,crates/arcweft-text-layout/Cargo.toml,5,2,0,0
arcweft-text-model,crates/arcweft-text-model/Cargo.toml,13,7,3,1
arcweft-tooling,crates/arcweft-tooling/Cargo.toml,4,5,0,1
arcweft-verify,crates/arcweft-verify/Cargo.toml,6,4,0,0
arcweft-verify-lsp,crates/arcweft-verify-lsp/Cargo.toml,1,6,0,1
arcweft-verify-oxiz,crates/arcweft-verify-oxiz/Cargo.toml,1,1,0,0
arcweft-verify-z3,crates/arcweft-verify-z3/Cargo.toml,1,1,0,0
arcweft-view,crates/arcweft-view/Cargo.toml,15,3,5,0
