package,dependency,kind,manifest
arcweft,arcweft-adt,normal,crates/arcweft/Cargo.toml
arcweft,arcweft-core,normal,crates/arcweft/Cargo.toml
arcweft,arcweft-dialogue,normal,crates/arcweft/Cargo.toml
arcweft,arcweft-id,normal,crates/arcweft/Cargo.toml
arcweft,arcweft-memory,normal,crates/arcweft/Cargo.toml
arcweft,arcweft-need,normal,crates/arcweft/Cargo.toml
arcweft,arcweft-presentation,normal,crates/arcweft/Cargo.toml
arcweft,arcweft-ref,normal,crates/arcweft/Cargo.toml
arcweft,arcweft-source,normal,crates/arcweft/Cargo.toml
arcweft-adapter-context,arcweft-lang-sema,normal,crates/arcweft-adapter-context/Cargo.toml
arcweft-adapter-context,arcweft-rust-abi,normal,crates/arcweft-adapter-context/Cargo.toml
arcweft-adapter-context,serde,normal,crates/arcweft-adapter-context/Cargo.toml
arcweft-adapter-context,serde_json,normal,crates/arcweft-adapter-context/Cargo.toml
arcweft-adapter-context,thiserror,normal,crates/arcweft-adapter-context/Cargo.toml
arcweft-adapter-context,toml,normal,crates/arcweft-adapter-context/Cargo.toml
arcweft-adapter-desktop,arcweft-adapter-context,normal,crates/arcweft-adapter-desktop/Cargo.toml
arcweft-adapter-desktop,arcweft-core,normal,crates/arcweft-adapter-desktop/Cargo.toml
arcweft-adapter-desktop,arcweft-desktop-contract,normal,crates/arcweft-adapter-desktop/Cargo.toml
arcweft-adapter-desktop,arcweft-desktop-host,normal,crates/arcweft-adapter-desktop/Cargo.toml
arcweft-adapter-desktop,arcweft-desktop-native,development,crates/arcweft-adapter-desktop/Cargo.toml
arcweft-adapter-desktop,arcweft-host-adapter,normal,crates/arcweft-adapter-desktop/Cargo.toml
arcweft-adapter-desktop,arcweft-lang-sema,normal,crates/arcweft-adapter-desktop/Cargo.toml
arcweft-adapter-desktop,arcweft-rust-abi,normal,crates/arcweft-adapter-desktop/Cargo.toml
arcweft-adapter-desktop,serde_json,normal,crates/arcweft-adapter-desktop/Cargo.toml
arcweft-agent-mcp,arcweft-agent-protocol,normal,crates/arcweft-agent-mcp/Cargo.toml
arcweft-agent-mcp,serde,normal,crates/arcweft-agent-mcp/Cargo.toml
arcweft-agent-mcp,serde_json,normal,crates/arcweft-agent-mcp/Cargo.toml
arcweft-agent-mcp-client,arcweft-agent-mcp,normal,crates/arcweft-agent-mcp-client/Cargo.toml
arcweft-agent-mcp-client,arcweft-agent-protocol,normal,crates/arcweft-agent-mcp-client/Cargo.toml
arcweft-agent-mcp-client,arcweft-agent-runner,normal,crates/arcweft-agent-mcp-client/Cargo.toml
arcweft-agent-mcp-client,serde,normal,crates/arcweft-agent-mcp-client/Cargo.toml
arcweft-agent-mcp-client,serde_json,normal,crates/arcweft-agent-mcp-client/Cargo.toml
arcweft-agent-mcp-client,thiserror,normal,crates/arcweft-agent-mcp-client/Cargo.toml
arcweft-agent-protocol,arcweft-core,normal,crates/arcweft-agent-protocol/Cargo.toml
arcweft-agent-protocol,arcweft-render-text,normal,crates/arcweft-agent-protocol/Cargo.toml
arcweft-agent-protocol,base64,normal,crates/arcweft-agent-protocol/Cargo.toml
arcweft-agent-protocol,serde,normal,crates/arcweft-agent-protocol/Cargo.toml
arcweft-agent-protocol,serde_json,normal,crates/arcweft-agent-protocol/Cargo.toml
arcweft-agent-protocol,thiserror,normal,crates/arcweft-agent-protocol/Cargo.toml
arcweft-agent-runner,arcweft-agent-protocol,normal,crates/arcweft-agent-runner/Cargo.toml
arcweft-agent-runner,arcweft-bundle,normal,crates/arcweft-agent-runner/Cargo.toml
arcweft-agent-runner,arcweft-core,normal,crates/arcweft-agent-runner/Cargo.toml
arcweft-agent-runner,arcweft-debug-model,normal,crates/arcweft-agent-runner/Cargo.toml
arcweft-agent-runner,arcweft-render-text,development,crates/arcweft-agent-runner/Cargo.toml
arcweft-agent-runner,serde,normal,crates/arcweft-agent-runner/Cargo.toml
arcweft-agent-runner,serde_json,normal,crates/arcweft-agent-runner/Cargo.toml
arcweft-agent-runner,thiserror,normal,crates/arcweft-agent-runner/Cargo.toml
arcweft-browser-bench,arcweft-core,target,crates/arcweft-browser-bench/Cargo.toml
arcweft-browser-bench,arcweft-runtime-accelerator,normal,crates/arcweft-browser-bench/Cargo.toml
arcweft-browser-bench,arcweft-runtime-accelerator,target,crates/arcweft-browser-bench/Cargo.toml
arcweft-browser-bench,js-sys,target,crates/arcweft-browser-bench/Cargo.toml
arcweft-browser-bench,serde,normal,crates/arcweft-browser-bench/Cargo.toml
arcweft-browser-bench,serde_json,normal,crates/arcweft-browser-bench/Cargo.toml
arcweft-browser-bench,thiserror,normal,crates/arcweft-browser-bench/Cargo.toml
arcweft-browser-bench,wasm-bindgen,target,crates/arcweft-browser-bench/Cargo.toml
arcweft-browser-bench,wasm-bindgen-futures,target,crates/arcweft-browser-bench/Cargo.toml
arcweft-browser-bench,web-sys,target,crates/arcweft-browser-bench/Cargo.toml
arcweft-bundle,apache-avro,normal,crates/arcweft-bundle/Cargo.toml
arcweft-bundle,arcweft-agent-protocol,normal,crates/arcweft-bundle/Cargo.toml
arcweft-bundle,arcweft-codec-yaml,normal,crates/arcweft-bundle/Cargo.toml
arcweft-bundle,arcweft-core,normal,crates/arcweft-bundle/Cargo.toml
arcweft-bundle,arcweft-data,normal,crates/arcweft-bundle/Cargo.toml
arcweft-bundle,arcweft-render-text,normal,crates/arcweft-bundle/Cargo.toml
arcweft-bundle,arcweft-serde-bridge,normal,crates/arcweft-bundle/Cargo.toml
arcweft-bundle,ciborium,normal,crates/arcweft-bundle/Cargo.toml
arcweft-bundle,rmp-serde,normal,crates/arcweft-bundle/Cargo.toml
arcweft-bundle,serde,normal,crates/arcweft-bundle/Cargo.toml
arcweft-bundle,serde_json,normal,crates/arcweft-bundle/Cargo.toml
arcweft-bundle,thiserror,normal,crates/arcweft-bundle/Cargo.toml
arcweft-bundle,toml,normal,crates/arcweft-bundle/Cargo.toml
arcweft-cli,arcweft-adapter-context,normal,crates/arcweft-cli/Cargo.toml
arcweft-cli,arcweft-adapter-desktop,normal,crates/arcweft-cli/Cargo.toml
arcweft-cli,arcweft-agent-mcp,normal,crates/arcweft-cli/Cargo.toml
arcweft-cli,arcweft-agent-mcp-client,normal,crates/arcweft-cli/Cargo.toml
arcweft-cli,arcweft-agent-protocol,normal,crates/arcweft-cli/Cargo.toml
arcweft-cli,arcweft-agent-runner,normal,crates/arcweft-cli/Cargo.toml
arcweft-cli,arcweft-bundle,normal,crates/arcweft-cli/Cargo.toml
arcweft-cli,arcweft-compiler,normal,crates/arcweft-cli/Cargo.toml
arcweft-cli,arcweft-core,normal,crates/arcweft-cli/Cargo.toml
arcweft-cli,arcweft-debug-model,normal,crates/arcweft-cli/Cargo.toml
arcweft-cli,arcweft-debug-sqlite,normal,crates/arcweft-cli/Cargo.toml
arcweft-cli,arcweft-desktop-native,normal,crates/arcweft-cli/Cargo.toml
arcweft-cli,arcweft-host-adapter,normal,crates/arcweft-cli/Cargo.toml
arcweft-cli,arcweft-id,normal,crates/arcweft-cli/Cargo.toml
arcweft-cli,arcweft-image,normal,crates/arcweft-cli/Cargo.toml
arcweft-cli,arcweft-interaction-model,normal,crates/arcweft-cli/Cargo.toml
arcweft-cli,arcweft-lang-hir,normal,crates/arcweft-cli/Cargo.toml
arcweft-cli,arcweft-lang-jit-cranelift,normal,crates/arcweft-cli/Cargo.toml
arcweft-cli,arcweft-lang-sema,normal,crates/arcweft-cli/Cargo.toml
arcweft-cli,arcweft-lang-syntax,normal,crates/arcweft-cli/Cargo.toml
arcweft-cli,arcweft-launch,normal,crates/arcweft-cli/Cargo.toml
arcweft-cli,arcweft-presentation,normal,crates/arcweft-cli/Cargo.toml
arcweft-cli,arcweft-rag,normal,crates/arcweft-cli/Cargo.toml
arcweft-cli,arcweft-render-native,normal,crates/arcweft-cli/Cargo.toml
arcweft-cli,arcweft-render-text,normal,crates/arcweft-cli/Cargo.toml
arcweft-cli,arcweft-runtime-accelerator,normal,crates/arcweft-cli/Cargo.toml
arcweft-cli,arcweft-runtime-host,normal,crates/arcweft-cli/Cargo.toml
arcweft-cli,arcweft-runtime-plan,normal,crates/arcweft-cli/Cargo.toml
arcweft-cli,arcweft-runtime-scheduler,normal,crates/arcweft-cli/Cargo.toml
arcweft-cli,arcweft-rust-abi,normal,crates/arcweft-cli/Cargo.toml
arcweft-cli,arcweft-source,normal,crates/arcweft-cli/Cargo.toml
arcweft-cli,arcweft-test,normal,crates/arcweft-cli/Cargo.toml
arcweft-cli,arcweft-tooling,normal,crates/arcweft-cli/Cargo.toml
arcweft-cli,arcweft-ui,normal,crates/arcweft-cli/Cargo.toml
arcweft-cli,arcweft-verify,normal,crates/arcweft-cli/Cargo.toml
arcweft-cli,arcweft-verify-oxiz,normal,crates/arcweft-cli/Cargo.toml
arcweft-cli,arcweft-verify-z3,normal,crates/arcweft-cli/Cargo.toml
arcweft-cli,base64,normal,crates/arcweft-cli/Cargo.toml
arcweft-cli,blake3,normal,crates/arcweft-cli/Cargo.toml
arcweft-cli,clap,normal,crates/arcweft-cli/Cargo.toml
arcweft-cli,png,normal,crates/arcweft-cli/Cargo.toml
arcweft-cli,reedline,normal,crates/arcweft-cli/Cargo.toml
arcweft-cli,serde,normal,crates/arcweft-cli/Cargo.toml
arcweft-cli,serde_json,normal,crates/arcweft-cli/Cargo.toml
arcweft-cli,thiserror,normal,crates/arcweft-cli/Cargo.toml
arcweft-codec-arrow,arcweft-data,normal,crates/arcweft-codec-arrow/Cargo.toml
arcweft-codec-arrow,arrow,normal,crates/arcweft-codec-arrow/Cargo.toml
arcweft-codec-arrow,bytes,normal,crates/arcweft-codec-arrow/Cargo.toml
arcweft-codec-arrow,parquet,normal,crates/arcweft-codec-arrow/Cargo.toml
arcweft-codec-avro,apache-avro,normal,crates/arcweft-codec-avro/Cargo.toml
arcweft-codec-avro,arcweft-data,normal,crates/arcweft-codec-avro/Cargo.toml
arcweft-codec-avro,serde_json,normal,crates/arcweft-codec-avro/Cargo.toml
arcweft-codec-binary,arcweft-codec-json,normal,crates/arcweft-codec-binary/Cargo.toml
arcweft-codec-binary,arcweft-data,normal,crates/arcweft-codec-binary/Cargo.toml
arcweft-codec-binary,bincode,normal,crates/arcweft-codec-binary/Cargo.toml
arcweft-codec-binary,serde_json,normal,crates/arcweft-codec-binary/Cargo.toml
arcweft-codec-cbor,arcweft-data,normal,crates/arcweft-codec-cbor/Cargo.toml
arcweft-codec-cbor,ciborium,normal,crates/arcweft-codec-cbor/Cargo.toml
arcweft-codec-csv,arcweft-data,normal,crates/arcweft-codec-csv/Cargo.toml
arcweft-codec-csv,base64,normal,crates/arcweft-codec-csv/Cargo.toml
arcweft-codec-csv,csv,normal,crates/arcweft-codec-csv/Cargo.toml
arcweft-codec-json,arcweft-data,normal,crates/arcweft-codec-json/Cargo.toml
arcweft-codec-json,base64,normal,crates/arcweft-codec-json/Cargo.toml
arcweft-codec-json,serde_json,normal,crates/arcweft-codec-json/Cargo.toml
arcweft-codec-msgpack,arcweft-data,normal,crates/arcweft-codec-msgpack/Cargo.toml
arcweft-codec-msgpack,rmpv,normal,crates/arcweft-codec-msgpack/Cargo.toml
arcweft-codec-toml,arcweft-data,normal,crates/arcweft-codec-toml/Cargo.toml
arcweft-codec-toml,base64,normal,crates/arcweft-codec-toml/Cargo.toml
arcweft-codec-toml,toml,normal,crates/arcweft-codec-toml/Cargo.toml
arcweft-codec-yaml,arcweft-data,normal,crates/arcweft-codec-yaml/Cargo.toml
arcweft-codec-yaml,base64,normal,crates/arcweft-codec-yaml/Cargo.toml
arcweft-codec-yaml,yaml-rust2,normal,crates/arcweft-codec-yaml/Cargo.toml
arcweft-compiler,arcweft-agent-protocol,normal,crates/arcweft-compiler/Cargo.toml
arcweft-compiler,arcweft-bundle,normal,crates/arcweft-compiler/Cargo.toml
arcweft-compiler,arcweft-core,normal,crates/arcweft-compiler/Cargo.toml
arcweft-compiler,arcweft-id,development,crates/arcweft-compiler/Cargo.toml
arcweft-compiler,arcweft-lang-hir,normal,crates/arcweft-compiler/Cargo.toml
arcweft-compiler,arcweft-lang-sema,normal,crates/arcweft-compiler/Cargo.toml
arcweft-compiler,arcweft-lang-syntax,normal,crates/arcweft-compiler/Cargo.toml
arcweft-compiler,arcweft-render-text,normal,crates/arcweft-compiler/Cargo.toml
arcweft-compiler,arcweft-runtime-plan,normal,crates/arcweft-compiler/Cargo.toml
arcweft-compiler,arcweft-source,normal,crates/arcweft-compiler/Cargo.toml
arcweft-compiler,blake3,normal,crates/arcweft-compiler/Cargo.toml
arcweft-compiler,thiserror,normal,crates/arcweft-compiler/Cargo.toml
arcweft-config,arcweft-data,normal,crates/arcweft-config/Cargo.toml
arcweft-core,arcweft-id,normal,crates/arcweft-core/Cargo.toml
arcweft-core,arcweft-interaction-model,normal,crates/arcweft-core/Cargo.toml
arcweft-core,arcweft-need,normal,crates/arcweft-core/Cargo.toml
arcweft-core,arcweft-source,normal,crates/arcweft-core/Cargo.toml
arcweft-core,serde,normal,crates/arcweft-core/Cargo.toml
arcweft-core,thiserror,normal,crates/arcweft-core/Cargo.toml
arcweft-data,arcweft-data-derive,normal,crates/arcweft-data/Cargo.toml
arcweft-data,trybuild,development,crates/arcweft-data/Cargo.toml
arcweft-data-derive,proc-macro2,normal,crates/arcweft-data-derive/Cargo.toml
arcweft-data-derive,quote,normal,crates/arcweft-data-derive/Cargo.toml
arcweft-data-derive,syn,normal,crates/arcweft-data-derive/Cargo.toml
arcweft-debug-model,arcweft-agent-protocol,normal,crates/arcweft-debug-model/Cargo.toml
arcweft-debug-model,serde,normal,crates/arcweft-debug-model/Cargo.toml
arcweft-debug-model,serde_json,normal,crates/arcweft-debug-model/Cargo.toml
arcweft-debug-model,thiserror,normal,crates/arcweft-debug-model/Cargo.toml
arcweft-debug-sqlite,arcweft-agent-protocol,normal,crates/arcweft-debug-sqlite/Cargo.toml
arcweft-debug-sqlite,arcweft-debug-model,normal,crates/arcweft-debug-sqlite/Cargo.toml
arcweft-debug-sqlite,arcweft-rag,normal,crates/arcweft-debug-sqlite/Cargo.toml
arcweft-debug-sqlite,rusqlite,normal,crates/arcweft-debug-sqlite/Cargo.toml
arcweft-debug-sqlite,serde_json,normal,crates/arcweft-debug-sqlite/Cargo.toml
arcweft-debug-sqlite,thiserror,normal,crates/arcweft-debug-sqlite/Cargo.toml
arcweft-desktop-contract,serde,normal,crates/arcweft-desktop-contract/Cargo.toml
arcweft-desktop-contract,serde_json,development,crates/arcweft-desktop-contract/Cargo.toml
arcweft-desktop-contract,thiserror,normal,crates/arcweft-desktop-contract/Cargo.toml
arcweft-desktop-host,arcweft-desktop-contract,normal,crates/arcweft-desktop-host/Cargo.toml
arcweft-desktop-native,arcweft-desktop-contract,normal,crates/arcweft-desktop-native/Cargo.toml
arcweft-desktop-native,arcweft-desktop-host,normal,crates/arcweft-desktop-native/Cargo.toml
arcweft-desktop-native,directories,normal,crates/arcweft-desktop-native/Cargo.toml
arcweft-desktop-native,enigo,normal,crates/arcweft-desktop-native/Cargo.toml
arcweft-desktop-native,getrandom,normal,crates/arcweft-desktop-native/Cargo.toml
arcweft-desktop-native,rfd,normal,crates/arcweft-desktop-native/Cargo.toml
arcweft-desktop-native,xcap,normal,crates/arcweft-desktop-native/Cargo.toml
arcweft-dialogue,arcweft-id,normal,crates/arcweft-dialogue/Cargo.toml
arcweft-dialogue,arcweft-ref,normal,crates/arcweft-dialogue/Cargo.toml
arcweft-dialogue,arcweft-source,normal,crates/arcweft-dialogue/Cargo.toml
arcweft-dialogue,thiserror,normal,crates/arcweft-dialogue/Cargo.toml
arcweft-glyphon,arcweft-core,development,crates/arcweft-glyphon/Cargo.toml
arcweft-glyphon,arcweft-render-text,development,crates/arcweft-glyphon/Cargo.toml
arcweft-glyphon,arcweft-text-layout,normal,crates/arcweft-glyphon/Cargo.toml
arcweft-glyphon,glyphon,normal,crates/arcweft-glyphon/Cargo.toml
arcweft-glyphon,thiserror,normal,crates/arcweft-glyphon/Cargo.toml
arcweft-host-adapter,arcweft-adapter-context,normal,crates/arcweft-host-adapter/Cargo.toml
arcweft-host-adapter,arcweft-core,normal,crates/arcweft-host-adapter/Cargo.toml
arcweft-host-adapter,thiserror,normal,crates/arcweft-host-adapter/Cargo.toml
arcweft-http-codec,arcweft-data,normal,crates/arcweft-http-codec/Cargo.toml
arcweft-http-codec,http,normal,crates/arcweft-http-codec/Cargo.toml
arcweft-id,thiserror,normal,crates/arcweft-id/Cargo.toml
arcweft-image,image,normal,crates/arcweft-image/Cargo.toml
arcweft-image,serde,normal,crates/arcweft-image/Cargo.toml
arcweft-image,serde_json,development,crates/arcweft-image/Cargo.toml
arcweft-image,thiserror,normal,crates/arcweft-image/Cargo.toml
arcweft-interaction-model,serde,normal,crates/arcweft-interaction-model/Cargo.toml
arcweft-interaction-model,serde_json,development,crates/arcweft-interaction-model/Cargo.toml
arcweft-lang-hir,arcweft-lang-syntax,normal,crates/arcweft-lang-hir/Cargo.toml
arcweft-lang-hir,thiserror,normal,crates/arcweft-lang-hir/Cargo.toml
arcweft-lang-jit-cranelift,arcweft-core,normal,crates/arcweft-lang-jit-cranelift/Cargo.toml
arcweft-lang-jit-cranelift,cranelift,normal,crates/arcweft-lang-jit-cranelift/Cargo.toml
arcweft-lang-jit-cranelift,cranelift-object,normal,crates/arcweft-lang-jit-cranelift/Cargo.toml
arcweft-lang-jit-cranelift,thiserror,normal,crates/arcweft-lang-jit-cranelift/Cargo.toml
arcweft-lang-sema,arcweft-id,normal,crates/arcweft-lang-sema/Cargo.toml
arcweft-lang-sema,arcweft-lang-hir,normal,crates/arcweft-lang-sema/Cargo.toml
arcweft-lang-sema,arcweft-lang-syntax,normal,crates/arcweft-lang-sema/Cargo.toml
arcweft-lang-sema,arcweft-source,normal,crates/arcweft-lang-sema/Cargo.toml
arcweft-lang-sema,thiserror,normal,crates/arcweft-lang-sema/Cargo.toml
arcweft-lang-syntax,arcweft-source,normal,crates/arcweft-lang-syntax/Cargo.toml
arcweft-lang-syntax,blake3,normal,crates/arcweft-lang-syntax/Cargo.toml
arcweft-lang-syntax,rowan,normal,crates/arcweft-lang-syntax/Cargo.toml
arcweft-lang-syntax,thiserror,normal,crates/arcweft-lang-syntax/Cargo.toml
arcweft-launch,serde,normal,crates/arcweft-launch/Cargo.toml
arcweft-launch,thiserror,normal,crates/arcweft-launch/Cargo.toml
arcweft-launch,toml,normal,crates/arcweft-launch/Cargo.toml
arcweft-lsp,arcweft-adapter-context,normal,crates/arcweft-lsp/Cargo.toml
arcweft-lsp,arcweft-compiler,normal,crates/arcweft-lsp/Cargo.toml
arcweft-lsp,arcweft-lang-hir,normal,crates/arcweft-lsp/Cargo.toml
arcweft-lsp,arcweft-lang-sema,normal,crates/arcweft-lsp/Cargo.toml
arcweft-lsp,arcweft-lang-syntax,normal,crates/arcweft-lsp/Cargo.toml
arcweft-lsp,arcweft-launch,normal,crates/arcweft-lsp/Cargo.toml
arcweft-lsp,arcweft-render-text,normal,crates/arcweft-lsp/Cargo.toml
arcweft-lsp,arcweft-runtime-host,normal,crates/arcweft-lsp/Cargo.toml
arcweft-lsp,arcweft-runtime-plan,normal,crates/arcweft-lsp/Cargo.toml
arcweft-lsp,arcweft-rust-abi,normal,crates/arcweft-lsp/Cargo.toml
arcweft-lsp,arcweft-tooling,normal,crates/arcweft-lsp/Cargo.toml
arcweft-lsp,arcweft-verify,normal,crates/arcweft-lsp/Cargo.toml
arcweft-lsp,arcweft-verify-lsp,normal,crates/arcweft-lsp/Cargo.toml
arcweft-lsp,crossbeam-channel,normal,crates/arcweft-lsp/Cargo.toml
arcweft-lsp,lsp-server,normal,crates/arcweft-lsp/Cargo.toml
arcweft-lsp,lsp-types,normal,crates/arcweft-lsp/Cargo.toml
arcweft-lsp,serde,normal,crates/arcweft-lsp/Cargo.toml
arcweft-lsp,serde_json,normal,crates/arcweft-lsp/Cargo.toml
arcweft-lsp,thiserror,normal,crates/arcweft-lsp/Cargo.toml
arcweft-lsp,toml,development,crates/arcweft-lsp/Cargo.toml
arcweft-lsp,tracing,normal,crates/arcweft-lsp/Cargo.toml
arcweft-lsp,tracing-subscriber,normal,crates/arcweft-lsp/Cargo.toml
arcweft-need,thiserror,normal,crates/arcweft-need/Cargo.toml
arcweft-player-native,arcweft-adapter-desktop,normal,crates/arcweft-player-native/Cargo.toml
arcweft-player-native,arcweft-bundle,normal,crates/arcweft-player-native/Cargo.toml
arcweft-player-native,arcweft-compiler,normal,crates/arcweft-player-native/Cargo.toml
arcweft-player-native,arcweft-core,normal,crates/arcweft-player-native/Cargo.toml
arcweft-player-native,arcweft-desktop-contract,normal,crates/arcweft-player-native/Cargo.toml
arcweft-player-native,arcweft-desktop-native,normal,crates/arcweft-player-native/Cargo.toml
arcweft-player-native,arcweft-host-adapter,normal,crates/arcweft-player-native/Cargo.toml
arcweft-player-native,arcweft-render-native,normal,crates/arcweft-player-native/Cargo.toml
arcweft-player-native,arcweft-render-text,normal,crates/arcweft-player-native/Cargo.toml
arcweft-player-native,arcweft-runtime-host,normal,crates/arcweft-player-native/Cargo.toml
arcweft-player-native,clap,normal,crates/arcweft-player-native/Cargo.toml
arcweft-player-native,png,normal,crates/arcweft-player-native/Cargo.toml
arcweft-player-native,serde,normal,crates/arcweft-player-native/Cargo.toml
arcweft-player-native,serde_json,normal,crates/arcweft-player-native/Cargo.toml
arcweft-player-native,thiserror,normal,crates/arcweft-player-native/Cargo.toml
arcweft-player-native,winit,normal,crates/arcweft-player-native/Cargo.toml
arcweft-presentation,arcweft-id,normal,crates/arcweft-presentation/Cargo.toml
arcweft-rag,arcweft-debug-model,normal,crates/arcweft-rag/Cargo.toml
arcweft-rag,thiserror,normal,crates/arcweft-rag/Cargo.toml
arcweft-ref,arcweft-id,normal,crates/arcweft-ref/Cargo.toml
arcweft-render-native,arcweft-compiler,normal,crates/arcweft-render-native/Cargo.toml
arcweft-render-native,arcweft-core,normal,crates/arcweft-render-native/Cargo.toml
arcweft-render-native,arcweft-glyphon,normal,crates/arcweft-render-native/Cargo.toml
arcweft-render-native,arcweft-image,development,crates/arcweft-render-native/Cargo.toml
arcweft-render-native,arcweft-render-text,normal,crates/arcweft-render-native/Cargo.toml
arcweft-render-native,arcweft-runtime-plan,normal,crates/arcweft-render-native/Cargo.toml
arcweft-render-native,arcweft-text-layout,normal,crates/arcweft-render-native/Cargo.toml
arcweft-render-native,arcweft-ui,normal,crates/arcweft-render-native/Cargo.toml
arcweft-render-native,bytemuck,normal,crates/arcweft-render-native/Cargo.toml
arcweft-render-native,glyphon,normal,crates/arcweft-render-native/Cargo.toml
arcweft-render-native,pollster,normal,crates/arcweft-render-native/Cargo.toml
arcweft-render-native,serde,normal,crates/arcweft-render-native/Cargo.toml
arcweft-render-native,thiserror,normal,crates/arcweft-render-native/Cargo.toml
arcweft-render-native,wgpu,normal,crates/arcweft-render-native/Cargo.toml
arcweft-render-native,winit,normal,crates/arcweft-render-native/Cargo.toml
arcweft-render-text,arcweft-core,normal,crates/arcweft-render-text/Cargo.toml
arcweft-render-text,serde,normal,crates/arcweft-render-text/Cargo.toml
arcweft-render-text,thiserror,normal,crates/arcweft-render-text/Cargo.toml
arcweft-runtime-accelerator,apache-avro,normal,crates/arcweft-runtime-accelerator/Cargo.toml
arcweft-runtime-accelerator,arcweft-codec-arrow,normal,crates/arcweft-runtime-accelerator/Cargo.toml
arcweft-runtime-accelerator,arcweft-codec-binary,normal,crates/arcweft-runtime-accelerator/Cargo.toml
arcweft-runtime-accelerator,arcweft-codec-cbor,normal,crates/arcweft-runtime-accelerator/Cargo.toml
arcweft-runtime-accelerator,arcweft-codec-csv,normal,crates/arcweft-runtime-accelerator/Cargo.toml
arcweft-runtime-accelerator,arcweft-codec-json,normal,crates/arcweft-runtime-accelerator/Cargo.toml
arcweft-runtime-accelerator,arcweft-codec-msgpack,normal,crates/arcweft-runtime-accelerator/Cargo.toml
arcweft-runtime-accelerator,arcweft-codec-toml,normal,crates/arcweft-runtime-accelerator/Cargo.toml
arcweft-runtime-accelerator,arcweft-codec-yaml,normal,crates/arcweft-runtime-accelerator/Cargo.toml
arcweft-runtime-accelerator,arcweft-core,normal,crates/arcweft-runtime-accelerator/Cargo.toml
arcweft-runtime-accelerator,arcweft-data,normal,crates/arcweft-runtime-accelerator/Cargo.toml
arcweft-runtime-accelerator,arcweft-lang-jit-cranelift,target,crates/arcweft-runtime-accelerator/Cargo.toml
arcweft-runtime-accelerator,bytemuck,normal,crates/arcweft-runtime-accelerator/Cargo.toml
arcweft-runtime-accelerator,futures-channel,target,crates/arcweft-runtime-accelerator/Cargo.toml
arcweft-runtime-accelerator,glam,normal,crates/arcweft-runtime-accelerator/Cargo.toml
arcweft-runtime-accelerator,js-sys,target,crates/arcweft-runtime-accelerator/Cargo.toml
arcweft-runtime-accelerator,ndarray,normal,crates/arcweft-runtime-accelerator/Cargo.toml
arcweft-runtime-accelerator,num_cpus,development,crates/arcweft-runtime-accelerator/Cargo.toml
arcweft-runtime-accelerator,pollster,target,crates/arcweft-runtime-accelerator/Cargo.toml
arcweft-runtime-accelerator,rayon,normal,crates/arcweft-runtime-accelerator/Cargo.toml
arcweft-runtime-accelerator,serde,normal,crates/arcweft-runtime-accelerator/Cargo.toml
arcweft-runtime-accelerator,serde_json,normal,crates/arcweft-runtime-accelerator/Cargo.toml
arcweft-runtime-accelerator,thiserror,normal,crates/arcweft-runtime-accelerator/Cargo.toml
arcweft-runtime-accelerator,wasm-bindgen,target,crates/arcweft-runtime-accelerator/Cargo.toml
arcweft-runtime-accelerator,web-sys,target,crates/arcweft-runtime-accelerator/Cargo.toml
arcweft-runtime-accelerator,wgpu,target,crates/arcweft-runtime-accelerator/Cargo.toml
arcweft-runtime-host,arcweft-adapter-context,normal,crates/arcweft-runtime-host/Cargo.toml
arcweft-runtime-host,arcweft-bundle,normal,crates/arcweft-runtime-host/Cargo.toml
arcweft-runtime-host,arcweft-core,normal,crates/arcweft-runtime-host/Cargo.toml
arcweft-runtime-host,arcweft-host-adapter,normal,crates/arcweft-runtime-host/Cargo.toml
arcweft-runtime-host,arcweft-id,normal,crates/arcweft-runtime-host/Cargo.toml
arcweft-runtime-host,arcweft-image,normal,crates/arcweft-runtime-host/Cargo.toml
arcweft-runtime-host,arcweft-presentation,normal,crates/arcweft-runtime-host/Cargo.toml
arcweft-runtime-host,arcweft-render-text,development,crates/arcweft-runtime-host/Cargo.toml
arcweft-runtime-host,arcweft-runtime-accelerator,normal,crates/arcweft-runtime-host/Cargo.toml
arcweft-runtime-host,arcweft-runtime-scheduler,normal,crates/arcweft-runtime-host/Cargo.toml
arcweft-runtime-host,arcweft-ui,normal,crates/arcweft-runtime-host/Cargo.toml
arcweft-runtime-host,num_cpus,normal,crates/arcweft-runtime-host/Cargo.toml
arcweft-runtime-host,rayon,normal,crates/arcweft-runtime-host/Cargo.toml
arcweft-runtime-host,serde,normal,crates/arcweft-runtime-host/Cargo.toml
arcweft-runtime-host,serde_json,development,crates/arcweft-runtime-host/Cargo.toml
arcweft-runtime-host,thiserror,normal,crates/arcweft-runtime-host/Cargo.toml
arcweft-runtime-plan,arcweft-core,normal,crates/arcweft-runtime-plan/Cargo.toml
arcweft-runtime-plan,arcweft-lang-hir,normal,crates/arcweft-runtime-plan/Cargo.toml
arcweft-runtime-plan,arcweft-lang-sema,development,crates/arcweft-runtime-plan/Cargo.toml
arcweft-runtime-plan,arcweft-lang-syntax,development,crates/arcweft-runtime-plan/Cargo.toml
arcweft-runtime-plan,arcweft-render-text,normal,crates/arcweft-runtime-plan/Cargo.toml
arcweft-runtime-plan,thiserror,normal,crates/arcweft-runtime-plan/Cargo.toml
arcweft-runtime-scheduler,arcweft-core,normal,crates/arcweft-runtime-scheduler/Cargo.toml
arcweft-rust-abi,serde,normal,crates/arcweft-rust-abi/Cargo.toml
arcweft-rust-abi,serde_json,normal,crates/arcweft-rust-abi/Cargo.toml
arcweft-rust-abi,thiserror,normal,crates/arcweft-rust-abi/Cargo.toml
arcweft-rust-abi-build,arcweft-rust-abi,normal,crates/arcweft-rust-abi-build/Cargo.toml
arcweft-rust-abi-build,blake3,normal,crates/arcweft-rust-abi-build/Cargo.toml
arcweft-rust-abi-build,thiserror,normal,crates/arcweft-rust-abi-build/Cargo.toml
arcweft-rust-abi-macros,arcweft-rust-abi,development,crates/arcweft-rust-abi-macros/Cargo.toml
arcweft-rust-abi-macros,proc-macro2,normal,crates/arcweft-rust-abi-macros/Cargo.toml
arcweft-rust-abi-macros,quote,normal,crates/arcweft-rust-abi-macros/Cargo.toml
arcweft-rust-abi-macros,syn,normal,crates/arcweft-rust-abi-macros/Cargo.toml
arcweft-save,arcweft-data,normal,crates/arcweft-save/Cargo.toml
arcweft-save,blake3,normal,crates/arcweft-save/Cargo.toml
arcweft-serde-bridge,arcweft-codec-json,normal,crates/arcweft-serde-bridge/Cargo.toml
arcweft-serde-bridge,arcweft-data,normal,crates/arcweft-serde-bridge/Cargo.toml
arcweft-serde-bridge,serde,normal,crates/arcweft-serde-bridge/Cargo.toml
arcweft-serde-bridge,serde_bytes,normal,crates/arcweft-serde-bridge/Cargo.toml
arcweft-serde-bridge,serde_json,normal,crates/arcweft-serde-bridge/Cargo.toml
arcweft-serde-bridge,serde_repr,normal,crates/arcweft-serde-bridge/Cargo.toml
arcweft-test,arcweft-agent-protocol,normal,crates/arcweft-test/Cargo.toml
arcweft-test,arcweft-agent-runner,normal,crates/arcweft-test/Cargo.toml
arcweft-test,arcweft-lang-hir,normal,crates/arcweft-test/Cargo.toml
arcweft-test,arcweft-lang-syntax,development,crates/arcweft-test/Cargo.toml
arcweft-test,serde,normal,crates/arcweft-test/Cargo.toml
arcweft-test,serde_json,normal,crates/arcweft-test/Cargo.toml
arcweft-test,thiserror,normal,crates/arcweft-test/Cargo.toml
arcweft-text-layout,arcweft-core,development,crates/arcweft-text-layout/Cargo.toml
arcweft-text-layout,arcweft-render-text,normal,crates/arcweft-text-layout/Cargo.toml
arcweft-text-layout,serde,normal,crates/arcweft-text-layout/Cargo.toml
arcweft-text-layout,thiserror,normal,crates/arcweft-text-layout/Cargo.toml
arcweft-text-layout,unicode-linebreak,normal,crates/arcweft-text-layout/Cargo.toml
arcweft-text-layout,unicode-segmentation,normal,crates/arcweft-text-layout/Cargo.toml
arcweft-text-layout-design,glyphon-layout-ext-api,normal,docs/implementation/vertical-longterm-design-20260612/crates/arcweft-text-layout-design/Cargo.toml
arcweft-tooling,arcweft-lang-hir,normal,crates/arcweft-tooling/Cargo.toml
arcweft-tooling,arcweft-lang-syntax,normal,crates/arcweft-tooling/Cargo.toml
arcweft-tooling,serde,normal,crates/arcweft-tooling/Cargo.toml
arcweft-tooling,thiserror,normal,crates/arcweft-tooling/Cargo.toml
arcweft-ui,arcweft-id,normal,crates/arcweft-ui/Cargo.toml
arcweft-ui,arcweft-image,normal,crates/arcweft-ui/Cargo.toml
arcweft-ui,arcweft-presentation,normal,crates/arcweft-ui/Cargo.toml
arcweft-ui,thiserror,normal,crates/arcweft-ui/Cargo.toml
arcweft-verify,arcweft-compiler,normal,crates/arcweft-verify/Cargo.toml
arcweft-verify,arcweft-core,normal,crates/arcweft-verify/Cargo.toml
arcweft-verify,arcweft-lang-hir,normal,crates/arcweft-verify/Cargo.toml
arcweft-verify,arcweft-lang-sema,normal,crates/arcweft-verify/Cargo.toml
arcweft-verify,arcweft-lang-syntax,development,crates/arcweft-verify/Cargo.toml
arcweft-verify,serde,normal,crates/arcweft-verify/Cargo.toml
arcweft-verify,thiserror,normal,crates/arcweft-verify/Cargo.toml
arcweft-verify-lsp,arcweft-adapter-context,normal,crates/arcweft-verify-lsp/Cargo.toml
arcweft-verify-lsp,arcweft-lang-sema,normal,crates/arcweft-verify-lsp/Cargo.toml
arcweft-verify-lsp,arcweft-runtime-host,normal,crates/arcweft-verify-lsp/Cargo.toml
arcweft-verify-lsp,arcweft-rust-abi,normal,crates/arcweft-verify-lsp/Cargo.toml
arcweft-verify-lsp,arcweft-tooling,normal,crates/arcweft-verify-lsp/Cargo.toml
arcweft-verify-lsp,arcweft-verify,normal,crates/arcweft-verify-lsp/Cargo.toml
arcweft-verify-lsp,lsp-types,normal,crates/arcweft-verify-lsp/Cargo.toml
arcweft-verify-lsp,serde_json,normal,crates/arcweft-verify-lsp/Cargo.toml
arcweft-verify-oxiz,arcweft-verify,normal,crates/arcweft-verify-oxiz/Cargo.toml
arcweft-verify-oxiz,oxiz-solver,normal,crates/arcweft-verify-oxiz/Cargo.toml
arcweft-verify-oxiz,thiserror,normal,crates/arcweft-verify-oxiz/Cargo.toml
arcweft-verify-z3,arcweft-verify,normal,crates/arcweft-verify-z3/Cargo.toml
arcweft-verify-z3,thiserror,normal,crates/arcweft-verify-z3/Cargo.toml
