id	family	admitted	attached_variant	hir_payload	child_id_kinds	scope	result_visibility	semantic_authority	ordering_and_duplicates	missing_payload_recovery	source_roles	diagnostic_and_poison	accounting
C01	requires	yes	RequiresClause; mode Default|Prove|Check|Debug; one ExprNode	Requires(HirContractCondition{mode,expression:ExprId})	ExprId	ContractRequires	no	expression/checker; proof references through accepted project/proof authority	heterogeneous source order; multiple rows conjunct in order	MissingExpression ExprId	Whole,Keyword,Mode,Operand[0]	missing/poison primary at operand; no copied child diagnostic	1 ContractClauses + expression charges
C02	ensures	yes	EnsuresClause; mode Default|Prove|Check|Debug; one ExprNode	Ensures(HirContractCondition{mode,expression:ExprId})	ExprId	ContractEnsures	yes; one shared synthetic result local	expression/checker and accepted callable/proof authority	multiple rows conjunct in order; one result local for all	MissingExpression ExprId	Whole,Keyword,Mode,Operand[0]	missing/poison at operand; result use sites remain child diagnostics	1 ContractClauses + expression; result local once per Flow
C03	invariant	yes	InvariantClause; mode Default|Prove|Check|Debug; one ExprNode	Invariant(HirContractCondition{mode,expression:ExprId}) stored once	ExprId	ContractRequires	no	checker applies same expression on entry and successful exit; proof reference through accepted authority	multiple rows conjunct; never duplicated in HIR	MissingExpression ExprId	Whole,Keyword,Mode,Operand[0]	primary at missing/poison operand	1 ContractClauses + expression
C04	assume	yes	AssumeClause; one ExprNode; no mode token	Assume{expression:ExprId}	ExprId	ContractRequires	no	accepted semantic trust policy; not silently added as proof-mode requires	multiple rows retained in source order	MissingExpression ExprId	Whole,Keyword,Operand[0]	missing/poison operand primary	1 ContractClauses + expression
C05	reads	yes	ReadsClause + AttachedContractList	Reads(HirContractOperandList{ExprId...})	0..N ExprId	ContractRequires	no	existing place projection/checker; no Flow-only place parser	rows retained; semantic place set may deduplicate exact place identities	keyword without payload creates MissingExpression; explicit {} is empty valid	Whole,Keyword,Open,Operand[n],Close	first invalid place primary; duplicates non-diagnostic unless checker policy says redundant	1 ContractClauses + each expression
C06	effects	yes	EffectsClause + AttachedContractList	Effects(HirContractOperandList{ExprId...})	0..N ExprId	ContractRequires	no	sole EffectCatalog -> EffectId; shared callable effect contract	all rows retained; semantic allowed set is union; exact duplicate EffectId deduplicated in accepted set	keyword without payload MissingExpression; effects {} valid empty	Whole,Keyword,Open,Operand[n],Close	unknown selector primary; conflict with later NoEffect points to later row primary and earlier related	1 ContractClauses + each selector expression
C07	no_effect	yes; canonical current spelling ensures no_effect expr emits dedicated node	NoEffectClause; one ExprNode; no condition mode	NoEffect{expression:ExprId}	ExprId	ContractRequires	no; never creates or sees result	sole EffectCatalog -> EffectId forbidden set	rows retained; exact duplicate prohibition deduplicated semantically	MissingExpression ExprId	Whole,Keyword,Operand[0]	unknown selector primary; allowed/forbidden conflict later site primary, earlier related	1 ContractClauses + expression
C08	modifies	yes	ModifiesClause + AttachedContractList	Modifies(HirContractOperandList{ExprId...})	0..N ExprId	ContractRequires	no	existing mutable-place projection/checker	rows retained; semantic exact places may deduplicate	keyword without payload MissingExpression; explicit {} empty valid	Whole,Keyword,Open,Operand[n],Close	first non-place/poison operand primary	1 ContractClauses + each expression
C09	decreases	yes	DecreasesClause; one ExprNode	Decreases{expression:ExprId}	ExprId	ContractRequires	no	accepted termination/checker expression authority	first valid row is termination authority; every later row retained and diagnoses duplicate with first related	MissingExpression ExprId	Whole,Keyword,Operand[0]	later duplicate keyword primary, first keyword related; malformed first does not authorize later silently—both issues retained and first syntactic row remains authority	1 ContractClauses + expression
